{"cameraMode":{"drawMode":0,"name":"Shaded","section":"Shading Mode"},"sceneLighting":false,"audioPlay":false,"sceneViewState":{"m_AlwaysRefresh":false,"showFog":true,"showSkybox":false,"showFlares":true,"showImageEffects":true,"showParticleSystems":true,"showVisualEffectGraphs":true,"m_FxEnabled":false},"in2DMode":false,"pivot":{"x":-1.6868821382522584,"y":0.7570229768753052,"z":-0.019999995827674867},"rotation":{"x":0.0016160222003236414,"y":0.799278974533081,"z":0.002150842687115073,"w":-0.6009568572044373},"size":0.3390715420246124,"orthographic":false}