{"cameraMode":{"drawMode":0,"name":"Shaded","section":"Shading Mode"},"sceneLighting":true,"audioPlay":false,"sceneViewState":{"m_AlwaysRefresh":false,"showFog":true,"showSkybox":true,"showFlares":true,"showImageEffects":true,"showParticleSystems":true,"showVisualEffectGraphs":true,"m_FxEnabled":false},"in2DMode":false,"pivot":{"x":0.000001430511474609375,"y":2.8773715496063234,"z":0.13516712188720704},"rotation":{"x":0.2781759798526764,"y":-0.025930779054760934,"z":0.007513072341680527,"w":0.9601513147354126},"size":4.922247886657715,"orthographic":false}